"NUM_SINISTRE"	"DATE_OBSERVATION"	"OBSERVATION"
3	05/01/26	"DYSFONCTIONNMENT DE FOUR"
4	05/01/26	"DOSSIER PEC PAR PITSTOP"
4	05/01/26	"EXPERT : BOULILA MOHAMED"
4	05/01/26	"DOSSIER PEC PAR PITSTOP"
4	05/01/26	"EXPERT : BOULILA MOHAMED"
3	05/01/26	"EXPERT : MOURAD JLASSI"
3	30/01/26	"TEST"
5	17/02/26	"OUVERTURE DOSSIER"
1	25/07/15	"réception"
66	16/05/26	"EXPERT SABER GHARBI"
68	10/04/26	"EXPERT MED MONEM FLEH"
69	17/03/26	"EXPERT MED MONEM FLEH"
70	05/12/25	"EXPERT MED MONEM FLEH"
72	20/09/24	"EXPERT MED MONEM FLEH"
10	06/01/26	"MISSION D'EXPERTISE"
10	11/03/26	"RECEPTION RAPPORT"
10	17/03/26	"DEPOT DOSSIER"
