"NUM_CLIENT"	"SOLDE"
2209	-33738,315
2210	0
2211	-9114,448
2212	-3900,862
2214	0
2215	0
2216	-572,8
2217	-181,78
2218	-676,744
2219	-45,5
2220	-45,5
2221	0
2222	0
2223	0
2224	-75965,224
2225	0
2226	-766,728
2227	-70038
2228	-374,48
2229	-123,4
2230	0
2231	0
2232	0
2233	-977,764
2234	0
2235	0
2236	-294,428
2237	0
2238	-277,438
2239	0
2240	-2000
2241	-569,264
2242	0
2243	-470,822
2244	0
2245	-970,422
2246	0
2247	3,132
2248	-378,918
2249	-857,436
2250	0
2251	0
2252	0
2253	0
2254	0
2255	0
2256	0
2257	0
2258	0
2259	0
2260	-697,248
2261	-954,548
2262	-136,839
2263	0
2264	0
2265	-426,142
2266	0
2267	-0,363
2268	0
2269	0
2270	0
2271	-1699,8
2272	0
2273	0
2274	0
2275	0
2276	-408,08
2277	-287,373
2278	-1454,522
2279	0
2280	0
2281	0
2282	0
2283	5471,88
2284	0
2285	-991,019
2286	0
2287	-840,922
2288	-7433,44
2289	-5850,54
2290	0
2291	-490,959
2292	0
2293	-382,119
2294	0
2295	510,347
2296	0
2297	0
2298	0
2299	0
2300	0
2301	0
2302	0
2303	0
2304	0
2305	-2032,785
2306	-1103,106
2307	0
2308	0
2309	0
2310	157
2311	-2035,004
2312	1660,058
2313	-430,978
2314	-0,56
2315	-2500
2316	-821,449
2317	-64,75
2318	-2061,866
2319	0
2320	0
2321	-458,236
2322	-76,02
2323	-1823,874
2324	-807,634
2325	0
2326	0
2327	0
2328	0
2329	-4565,096
2330	-954,74
2331	0
2332	-53801,353
2333	-35815,384
2334	-45454,233
2335	20
2336	-4448,755
2337	0,352
2338	0
2339	-999,158
2340	0
2341	-2497,187
2342	-1117,96
2343	-201,35
2344	0
2345	-694,024
2346	0
2347	-388
2348	0
2349	-1873,66
2350	-81400,642
2351	0
2352	-23
2353	-3440,384
2354	0
2355	-111,78
2356	-6632,342
2357	0
2358	0
2359	-0,357
2360	0
2361	-4268,048
2362	-101,976
2363	500
2364	0
2365	0
2366	0
2367	-661,798
2368	0
2369	0
2370	-0,706
2371	10
2372	0
2373	0
2374	-404,14
2375	1000
2376	-2079,675
2377	6915,93
2378	-731,712
2379	0
2380	0
2381	-3008,789
2382	-401,416
2383	0
2384	0
2385	0
2386	499,632
2387	-1955,56
2388	-2185,08
2389	-6000
2390	0
2391	0
2392	-1554,219
2393	-2,517
2394	-254,78
2395	0
2396	0
2397	0
2398	0
2399	-26,808
2400	-546,804
2401	0
2402	2589,848
2403	0
2404	0
2405	-492,804
2406	0
2407	-38514,138
2408	0
2409	0
2410	0
2411	0
2412	-1038,318
2413	0
2414	-2174,601
2415	-7788,505
2416	0
2417	-750
2418	0
2419	-49990
2420	0
2421	0
2422	-1354,898
2423	-435,088
2424	0
2425	0
2426	-84706,09
2427	-2019,464
2428	0
2429	-2480,92
2430	0
2431	0
2432	0
2433	0
2434	2,053
2435	-423,342
2436	-326,6
2437	0
2438	0
2439	0
2440	-17117,483
2441	-200
2442	-3555,046
2443	-2467
2444	0
2445	-4929
2446	-176,08
2447	-0,03
2448	0
2449	-3358,782
2450	-10,348
2451	0
2452	0
2453	-73,47
2454	0
2455	12704,74
2456	-11,4
2457	0
2458	-1199,797
2459	0
2460	0
2461	-1137,304
2462	0
2463	-296,92
2464	0
2465	0
2466	0
2467	-989,245
2468	-170,159
2469	0
2470	-891,884
2471	0
2472	-1445,448
2473	-7009,53
2474	-1733,422
2475	0
2476	5669,325
2477	0
2478	0
2479	0
2480	-345
2481	0
2482	0
2483	0
2484	-574,625
2485	0
2486	0
2487	-193,701
2488	0
2489	-2906,848
2490	0
2491	-465,2
2492	0
2493	-850,672
2494	0,997
2495	0
2496	-814,468
2497	-354,951
2498	0
2499	-327,544
2500	-228,7
2501	-167,2
2502	-0,039
2503	-19,5
2504	-5000,964
2505	-1253,632
2506	-7268,085
2507	0
2508	0
2509	-1839,091
2510	-5047,639
2511	-0,57
2512	0
2513	-1626,26
2514	0
2515	-4342,088
2516	0
2517	0
2518	-5662,645
2519	-4129,48
2520	0,037
2521	0
2522	0
2523	0
2524	-500,284
2525	-881,482
2526	0
2527	-1632,602
2528	-0,088
2529	-323,76
2530	-9396,866
2531	-187,8
2532	0
2533	0
2534	-2467
2535	0
2536	0
2538	0
2539	0
2540	0
2541	0
2542	0
2543	-1210,37
2544	0
2545	0
2546	0
2547	-1308,819
2548	0
2549	-0,725
2550	-61593,882
2551	-1494,731
2552	-7401
2553	-4934
2554	0
2555	-1795
2556	0
2557	0
2558	0
2559	-176,08
2560	613
2561	0
2562	0
2563	-30,875
2564	0
2565	-30,875
2566	532,207
2567	-2396,708
2568	0
2569	0
2570	-852,434
2571	0
2572	0
2573	-5940,086
2574	0
2575	-1304,457
2576	-1987,551
2577	1206,015
2578	0
2579	-896,8
2580	-17008
2581	-192,818
2582	0
2583	4,407
2584	-502,586
2585	0
2586	0
2587	0
2588	-953,796
2589	-0,097
2590	-1991,713
2591	0
2592	-5150,913
2593	-326,689
2594	0
2595	3271,769
2596	-2810,966
2597	-1053,584
2598	0
2599	0
2600	187,799
2601	165,102
2602	0
2603	0
2604	-2912,91
2605	-11791,023
2606	-149576,325
2607	-3630,576
2608	0
2609	-801,404
2610	0
2611	-2,341
2612	-580,798
2613	0
2614	-820,546
2615	-43241,792
2616	0
2617	0
2618	0
2619	1,156
2620	0
2621	-2098,346
2622	0
2623	-1975,809
2624	-16,52
2625	-375,9
2626	0
2627	0
2628	0
2629	-1129,625
2630	-733,567
2631	-364,709
2632	0
2633	-5846,872
2634	0
2635	0
2636	-279,555
2637	-4987,253
2638	-4934
2639	0
2640	-498,099
2641	-1283,856
2642	-4551,371
2643	0
2644	-10003
2645	-10008
2646	749,684
2647	0
2648	-4901,126
2649	-3502,234
2650	0
2651	-564,883
2652	0
2653	-535,173
2654	-664,712
2655	0
2656	-251,998
2657	1298,254
2658	-9
2659	0
2660	-6443,136
2661	0
2662	-1758,945
2663	0
2664	0
2665	-247,28
2666	-5467,85
2667	-3397,847
2668	-136,274
2669	-27
2670	0
2671	-5156,182
2672	0
2673	0
2674	-22623,24
2675	-1190,178
2676	-3502,952
2677	0
2678	-218,34
2679	0
2680	0
2681	0
2682	0
2683	0
2684	0
2685	0
2686	-2526,677
2687	-7143,697
2688	0
2689	-2470,038
2690	-5338,525
2691	-1243,532
2692	-1027,347
2693	-8169,431
2694	-639,7
2695	0
2696	-4891,364
2697	-930,1
2698	0
2699	-176,08
2700	-9728,636
2701	-201,34
2702	-4018,14
2703	-1944,002
2704	0
2705	0
2706	-5473,998
2707	0
2708	-2434
2709	0
2710	-854,712
2711	0
2712	-3122,983
2713	-276,356
2714	137,177
2715	0
2716	-715,209
2717	-851,462
2718	-494,953
2719	-3392,373
2720	-1208,507
2721	0
2722	-264,034
2723	0
2724	2635,08
2725	-7462,826
2726	0
2727	0
2728	-928,736
2729	0
2730	0
2731	0
2732	-201,34
2733	0
2734	0
2735	-1589,542
2736	-3168,618
2737	379,881
2738	-2340,959
2739	-2440,455
2740	0
2741	-1236,388
2742	0
2743	-358,42
2744	0
2745	-1224,958
2746	0
2747	-250,3
2748	-1966,185
2749	-41,976
2750	0
2751	-176,08
2752	-1,9
2753	-971,868
2754	-1373,211
2755	-324,515
2756	-325,661
2757	-4388,356
2758	0
2759	0
2760	0
2761	0
2762	0
2763	0
2764	0
2765	-778,602
2766	-2129,908
2767	-168,7
2768	0
2769	-2255,036
2770	0
2771	0
2772	-21010,643
2773	0
2774	0
2775	0
2776	0
2777	-1928,004
2778	0,425
2779	-566,108
2780	-400,296
2781	0
2782	-2154,597
2783	-2026,808
2784	0
2785	-5192,092
2786	0
2787	-1000,309
2788	0
2789	0
2790	0
2791	-1693,776
2792	0
2793	0
2794	-829,061
2795	0
2796	-494,324
2797	-9,341
2798	0
2799	0
2800	0
2801	0
2802	0
2803	0
2804	0
2805	0
2806	0
2807	-274,064
2808	-181,78
2809	-1754,488
2810	0
2811	-256,32
2812	0
2813	0
2814	-227
2815	0
2816	0,646
2817	0
2818	0
2819	0
2820	-6103,563
2821	-587,052
2822	-475,872
2823	0
2824	0
2825	0
2826	0
2827	0
2828	0
2829	-1690,25
2830	0
2831	-945,737
2832	-93
2833	0,076
2834	0
2835	-2019,968
2836	-0,186
2837	-35,68
2838	-793,692
2839	0
2840	0
2841	0
2842	525,185
2843	0
2844	-5643,968
2845	-181,78
2846	-181,78
2847	0
2848	-4101,1
2849	610,688
2850	0
2851	0
2852	0
2853	0
2854	-414,14
2855	0
2856	0
2857	0
2858	1,693
2859	-5069,914
2860	0
2861	-214344,688
2862	0
2863	0
2864	0
2865	-2048,1
2866	1423,086
2867	0
2868	-444,186
2869	-1224,023
2870	14,404
2871	0
2872	-584,854
2873	734,016
2874	-11164,75
2875	0
2876	0
2877	-631,38
2878	-1295,274
2879	99,124
2880	-945,09
2881	-176,08
2882	0
2883	-574,892
2884	176,08
2885	-35
2886	0
2887	-25658,256
2888	0
2889	-793,155
2890	0
2891	-0,038
2892	-676,68
2893	0,392
2894	0
2895	0
2896	0
2897	0
2898	0
2899	0
2900	0
2901	11607,717
2902	-1444,444
2903	-2816,099
2904	0
2905	0
2906	0
2907	-26533
2908	0
2909	0
2910	0
2911	0
2912	0
2913	-127
2914	0
2915	1,276
2916	-1302,96
2917	0
2918	0
2919	0
2920	0
2921	0
2922	0
2923	0
2924	0
2925	0
2926	-272,692
2927	0
2928	0,003
2929	0
2930	-417,951
2931	0
2932	0
2933	0
2934	-246,28
2935	0
2936	-825,684
2937	-1474,895
2938	0
2939	0
2940	0
2941	0
2942	0
2943	0
2944	-650,728
2945	-124,9
2946	-1123
2947	0
2948	-0,36
2949	-43
2950	0
2951	-72,5
2952	-1123,84
2953	0
2954	-670,242
2955	0
2956	-616,244
2957	0
2958	0
2959	0
2960	-389,04
2961	-4003,844
2962	-2455,408
2963	0
2964	0
2965	-5761,109
2966	0
2967	0
2968	0
2969	-2407,329
2970	0
2971	-8062,818
2972	0
2973	0
2974	0
2975	-5698,467
2976	0
2977	0
2978	0
2979	0
2980	-740,128
2981	0
2982	0
2983	0
2984	0
2985	0
2986	0
2987	0
2988	0
2989	0
2990	0
2991	-996,776
2992	0
2993	-168
2994	0
2995	0
2996	0
2997	0
2998	0
2999	0
3000	0
3001	0
3002	0
3003	-52,152
3004	0
3005	0
3006	-3,269
3007	-1347
3008	-574,752
3009	0
3010	0
3011	0
3012	-1703,869
3013	-513,692
3014	0
3015	-73948,507
3016	0
3017	14,815
3018	-0,219
3019	0
3020	8000
3021	0
3022	0
3023	0
3024	-262,028
3025	0
3026	0
3027	0
3028	0
3029	0
3030	0
3031	0
3032	0
3033	0
3034	0
3035	-3575,373
3036	0
3037	0
3038	0
3039	-517,56
3040	0
3041	0
3042	0
3043	0
3044	-3367,268
3045	-499,833
3046	0
3047	-835,313
3048	0,613
3049	0
3050	-573,62
3051	-8284,412
3052	-11088,13
3053	0
3054	-1326,127
3055	0
3056	-1873,681
3057	0
3058	0
3059	-558,928
3060	0
3061	0
3062	0
3063	0
3064	20
3065	-2370,804
3066	0
3067	0
3068	0
3069	0
3070	-643,158
3071	0
3072	0
3073	-439,726
3074	-0,131
3075	0
3076	240,918
3077	-412,2
3078	0
3079	0
3080	-27
3081	0
3082	-359,642
3083	0
3084	0
3085	0
3086	0
3087	-507,548
3088	0
3089	0
3090	0
3091	0
3092	0
3093	-12619,074
3094	-14026,35
3095	11463,198
3096	-735,3
3097	0
3098	0
3099	-1769,17
3100	-788,136
3101	0
3102	-5796,51
3103	0
3104	-574,436
3105	0
3106	0
3107	80658,723
3108	0
3109	-17104,092
3110	-1575,48
3111	0
3112	0,72
3113	0
3114	0
3115	0
3116	0
3117	-420,52
3118	-625,32
3119	0
3120	1235,942
3121	0
3122	0
3123	0
3124	-27
3125	0
3126	0
3127	0
3128	-309,81
3129	-188,823
3130	0
3131	-44209,066
3132	0
3133	0
3134	0
3135	-2424,819
3136	0
3137	0
3138	-803
3139	0
3140	0
489	-10065,028
491	-1686,495
492	-333,13
494	-4290,616
495	-12088,167
496	0
497	0
498	0
499	0
500	0
501	-1957,184
502	-844,538
503	0
504	0
505	-530,164
506	-745,204
507	-3607,416
508	0
509	-2297,101
510	-4634,707
511	0
512	-1690,618
513	-2280,794
514	-721,02
515	3590,034
516	-676,303
517	-905,596
518	-4302,681
519	-1458,492
520	-1114,699
521	1000
522	10,507
523	0
524	0
525	-1039,76
526	0,565
527	1,949
528	-17083,412
529	0
530	-358,588
531	0
532	-2133,095
533	-12391,386
534	-1026,018
535	-35
536	-47,287
537	0
538	-2002,684
539	0,662
540	0
541	-12612,79
542	-0,872
544	0
545	0
546	0
547	-0,054
548	0
549	0
550	5,068
551	0
552	-230,555
553	-1651,56
555	-509,918
556	-1329,896
557	-1104,521
558	0,608
559	0
560	-52177,332
561	-1334,852
562	-12029,977
563	-1628,269
564	-57605,59
565	-1821,664
566	-1195,535
567	0
568	0
569	0
570	-0,009
571	-1390,438
572	59,56
573	-3386
574	-3353,743
575	0
576	0
577	-2925,742
578	0
579	-6948,636
580	-2087,139
581	0
582	-879,997
583	-1532,578
584	6,923
585	0
586	0
587	0
588	-1085,412
589	0
590	0
591	3,925
592	0
593	-6089,653
594	-0,001
595	0
596	-17322,948
597	0
598	0
599	-645,072
600	0
602	0
603	-8725,955
604	-776,08
605	1,5
606	-3397,709
607	0
608	-2528,371
609	0
610	0
611	0
612	0
613	-295,296
614	0
615	-1482,127
616	-0,94
617	0
618	0
619	-1596,353
620	-2939,336
621	-0,36
622	0
623	1000
624	0
625	-37473,762
626	-0,4
627	0
628	0
629	0
630	0
631	0
632	0
633	0
634	0
635	0
636	0
637	-494156,235
638	0
639	-353,302
640	0
641	-17
642	-931,998
643	0
644	0
645	0
646	0
647	0
648	-7,642
649	0
650	0
651	0
652	11,4
653	1165,52
654	-434,792
655	0
656	-413,54
657	0
658	0
659	0
660	0
661	0
662	0
663	0
664	-2833,601
665	0
666	0
667	0
668	-3608
669	0
670	0
671	0
672	0
673	0
674	-28,5
675	0
676	-2413,595
677	0
678	0
679	0
680	0
681	0
682	0
683	-3533,883
684	0
685	-686,727
686	0
687	-0,025
688	-16697
689	0
690	-1180,16
691	0
692	0
693	0
694	-1328,448
695	0
696	-172,6
697	0
698	0
699	-24142,711
700	0
701	0
702	0
703	0
704	-121
705	0
706	-495,7
707	0
708	0
709	0
710	0
711	2054,24
712	0
713	0
714	0
715	18
716	0
717	0
718	0
719	-10434,115
720	0
721	0
722	-16273,906
723	0
724	0
725	-294,604
726	-16854
727	0
728	0
729	0
730	0
731	0
732	0
733	0
734	0
735	0
736	-315
737	0
738	0
739	0
740	0
741	-19
742	0
743	0
744	0,285
745	0
746	0
747	0
748	-318642,527
749	0
750	0
751	0
752	-101
753	0
754	-467,798
755	0
756	0
757	-15575,366
758	0
759	0
760	0
761	-8317,28
762	0
763	0
764	0
765	0
766	0
767	0
768	0
769	0
770	0
771	-101
772	0
773	0
774	0
775	-2208,22
776	-978,063
777	0
778	240,292
779	0
780	0
781	0
782	0
783	0
784	0
785	-546,075
786	33994,335
787	-0,156
788	0
789	-6558,75
790	-146
791	0
792	0
793	0
794	0
795	0
796	-125952,761
797	0
798	-328,241
799	0
800	0
801	0
802	0
803	0
804	0
805	0
806	-375,277
807	0
808	0
809	0
810	0
811	-150,427
812	-3833,291
813	0
814	0
815	0
816	0
817	0
818	0
819	0
820	-710,27
821	-271276,448
822	-19
823	0
824	0
825	0
826	0
827	-1102,104
828	-5719,846
829	0,764
830	0
831	0
832	2754,64
833	-944,96
834	0
835	0
836	-1902,416
837	-0,18
838	0
839	-2386,492
840	1449,413
841	0
842	0
843	0
844	0
845	0
846	0
847	0
848	0
849	0
850	0
851	0
852	0
853	-2388,022
854	909,1
855	0
856	0
857	0
858	-35
859	0
860	-2294,724
861	-304
862	0
863	-1039,018
864	0
865	0
866	0
867	0
868	0
869	0
870	0
871	0
872	0
873	0
874	0
875	0
876	2221,72
877	-91,496
878	-2439,596
879	0
880	0
881	-71654,493
882	0
883	0
884	0
885	-1153,748
886	0
887	0
888	0
889	0
890	0
891	0
892	-867,316
893	0
894	0
895	-136408,718
896	0
897	-33906,9
898	0
899	0
900	-19
901	0
902	-81
903	-81
904	0
905	0
906	0
907	-1235,121
908	0
909	0
910	0
911	-415
912	-4,584
913	0
914	-1964,181
915	0
916	0
917	-14834,233
918	-39420,32
919	0
920	0
921	-9195,251
922	-4095,017
923	0
924	0
925	-1,959
926	0
927	0
928	-1255,055
929	0
930	0
931	0
932	0
933	-3137,84
934	-4303,85
935	-10128,96
936	0
937	0
938	0
939	295,078
940	0
941	0
942	-17
943	-63
944	-44
945	0
946	-478,091
947	0
948	0
949	-242,583
950	0
951	0
952	0
953	0
954	0
955	0
956	-7735,94
957	0
958	0
959	0
960	0
961	0
962	0
963	0
964	0
965	0
966	-993,538
967	0
968	0
969	0
970	0
971	0
972	-0,612
973	-54
974	0
975	-9133,295
976	-3673,91
977	0
978	0
979	-1392,908
980	0
981	0
982	0
983	-1255,294
984	0
985	0
986	0
987	0
988	0
989	0
990	0
991	0
992	0
993	-27
994	0
995	0
996	-1002
997	-55000
998	0
999	0
1000	-16295,711
1001	-6266,5
1002	-1167,861
1003	0
1004	-1108,8
1005	-8006,817
1006	0
1007	0
1008	0
1009	-33,5
1010	0
1011	0
1012	0
1013	0
1014	0
1015	-91
1016	0
1017	0
1018	0
1019	0
1020	0
1021	0
1022	0
1023	0
1024	0
1025	0
1026	0
1027	0
1028	0
1029	-325,872
1030	-4707,994
1031	0
1032	0
1033	0
1034	-1287,134
1035	-6665,084
1036	-1011,417
1037	0
1038	0
1039	0
1040	0
1041	0
1042	-678,384
1043	-511,019
1044	-1170,123
1045	0
1046	-0,06
1047	0
1048	-43,8
1049	0
1050	0
1051	0
1052	0
1053	-940,394
1054	0
1055	0
1056	-69
1057	-43727,218
1058	0
1059	6343,91
1060	199,905
1061	0
1062	-4726,088
1063	-1318,366
1064	-4392,332
1065	0
1066	-25848,794
1067	-81
1068	-0,202
1069	0
1070	-28721,863
1071	-1071,553
1072	0
1073	0
1074	0
1075	-269,289
5011	-30000
5016	-112,74
5000	0
5001	0
3141	0
3142	0
3143	0
3144	0
3145	0
3146	0
3147	0
3148	-569,03
3149	0
3150	-494544,721
3151	0
3152	0
3153	-387,096
3154	0
3155	-392,98
3156	0
3157	0
3158	0
3159	0
3160	-210,78
3161	0
3162	0
3163	0
3164	0
3165	0
3166	0
3167	0
3168	0
3169	0
3170	-0,191
3171	0
3172	0
3173	0
3174	0
3175	0
3176	-187,572
3177	-1047,6
3178	0
3179	0
3180	0
3181	-30,684
3182	0
3183	-503,405
3184	-741,116
3185	-1907,132
3186	0
3187	2593,2
3188	2593,2
3189	49078,4
3190	-1972,297
3191	-9138,272
3192	-4906,858
3193	-24
3194	-235,08
3195	-523,26
3196	0
3197	-649,114
3198	0
3199	0
3200	0
3201	-24
3202	0
3203	0
3204	0
3205	-486,116
3206	0
3207	0
3208	0
3209	0
3210	-241,888
3211	0
3212	0
3213	0
3214	0
3215	-6892,035
3216	-2051,294
3217	-2,636
3218	0
3219	0
3220	0
3221	0
3222	0
3223	0
3224	0
3225	0
3226	0
3227	0
3228	-29348,76
3229	-8965,281
3230	0
3231	0
3232	0
3233	0
3234	-2582,252
3235	0
3236	-747,28
3237	0
3238	-4482,409
3239	-49990
3240	0
3241	0
3242	0
3243	0
3244	0
3245	0
3246	-22135,261
3247	0
3248	0
3249	-509,212
3250	0
3251	0
3252	0
3253	0
3254	0
3255	-1009,48
3256	0
3257	0
3258	-376,724
3259	0
3260	-235,14
3261	-3997,92
3262	-952,4
3263	0
3264	0
3265	0
3266	-5320,944
3267	0
3268	0
3269	0
3270	0
3271	-16879,752
3272	0
3273	-5274,41
3274	-819,469
3275	0
3276	0
3277	0
3278	-1,228
3279	-2024,167
3280	0
3281	0
3282	0
3283	-2393,668
3284	-2464,038
3285	0
3286	-9854,973
3287	-28899,2
3288	-3698,529
3289	-788,499
3290	0
3291	-1000,061
3292	-0,272
3293	-2506,712
3294	0
3295	-278,44
3296	0
3297	0
3298	0
3299	-359,298
3300	-482,74
3301	0
3302	0
3303	0
3304	-343,32
3305	0
3306	293,144
3307	5
3308	413,863
3309	0
3310	0
3311	0,381
3312	0
3313	0
3314	-0,176
3315	0
1076	0
1077	-2303,16
1078	9
1079	0
1080	0
1081	0
1082	-2647,503
1083	-0,846
1084	-234,203
1085	0
1086	-2782,176
1087	0
1088	0
1089	-21881,713
1090	0
1091	0
1092	0
1093	-611,456
1094	0
1095	0
1096	0
1097	0
1098	0
1099	-507,972
1100	0
1101	0,72
1102	-1987,689
1103	0
1104	-406,536
1105	-1374,991
1106	0
1107	-5,216
1108	-2405,33
1109	0
1110	0
1111	0
1112	0
1113	-400
1114	0
1115	-32011
1116	20,35
1117	0
1118	0
1119	0
1120	-789,4
1121	-2,32
1122	0
1123	0
1124	-1678,227
1125	0
1126	0
1127	-116,862
1128	0
1129	0
1130	-14,019
1131	0
1132	-3591,271
1133	0
1134	-5507,631
1135	0
1136	0
1137	0
1138	0
1139	0
1140	-15
1141	362,6
1142	0
1143	0
1144	0
1145	0
1146	0
1147	-730,072
1148	0
1149	0
1150	0
1151	0
1152	0
1153	0
1154	-946,45
1155	-278
1156	350,046
1157	-76,097
1158	-2598,094
1159	-1437,2
1160	0
1161	0
1162	0
1163	0
1164	0
1165	0
1166	5,24
1167	-67
1168	0
1169	-1776,356
1170	0
1171	0
1172	202
1173	0
1174	0
1175	-3271,09
1176	0
1177	-125,899
1178	0
1179	0
1180	-14,767
1181	-14,767
1182	-285,201
1183	0
1184	0
1185	0
1186	0
1187	0
1188	0
1189	0
1190	0
1191	-747,896
1192	0
1193	0
1194	0
1195	-463,444
1196	0
1197	-48351,218
1198	0
1199	0
1200	5990,145
1201	0
1202	0
1203	0
1204	-3980,784
1205	0
1206	0
1207	0
1208	0
1209	0
1210	0
1211	-8783,433
1212	0
1213	0
1214	0
1215	-1851,772
1216	0
1217	-4137,094
1218	0
1219	0,64
1220	0
1221	0
1222	0
1223	0
1224	-94052,154
1225	0
1226	0
1227	0
1228	0
1229	-463,216
1230	0
1231	0
1232	0
1233	-10031,08
1234	0
1235	776,234
1236	158,92
1237	0,111
1238	0
1239	0
1240	-1937,21
1241	-2397,524
1242	1769,248
1243	-4454,28
1244	0
1245	5956,449
1246	-2266,681
1247	-825,394
1248	0
1249	0
1250	0,15
1251	0
1252	-33902,698
1253	1466,954
1254	0
1255	0
1256	0
1257	0
1258	0
1259	-1426,306
1260	0,28
1261	0
1262	0
1263	-0,757
1264	0
1265	0
1266	-81
1267	-984,99
1268	0
1269	0
1270	-9995
1271	0
1272	0
1273	0
1274	0
1275	-84,034
1276	0
1278	0
1279	-2467
1280	0
1281	0
1282	-861,779
1283	-262,586
1284	0
1285	-2300,314
1286	0
1287	-9714,483
1288	-30000
1289	-346570,259
1290	-0,5
1291	0
1292	0
1293	0
1294	-646,307
1295	0
1296	0
1297	-1435,812
1298	-2265,103
1299	-2109,98
1300	0
1301	-0,192
1302	0
1303	0
1304	-0,455
1305	0
1306	0
1307	-969,065
1308	0
1309	-11,12
1310	0
1311	-947,647
1312	-1674,616
1313	0
1314	0
1315	-460,94
1316	0
1317	0
1318	-4003,813
1319	0
1320	0
1321	0
1322	0
1323	0
1324	0
1325	-6804,751
1326	-0,408
1327	-4030,174
1328	-195976,359
1329	0
1330	0
1331	-1212,685
1332	0
1333	246,095
1334	-2391,355
1335	0
1336	-13652,618
1337	-267,729
1338	0
1339	-671,202
1340	-2
1341	0
1342	-513,065
1343	-1,389
1344	0
1345	128,106
1346	-0,02
1347	-6857,869
1348	0
1349	157
1350	-482,719
1351	0
1352	0
1353	0
1354	0
1355	0,942
1356	0
1357	-1499,425
1358	-606,703
1359	-1100
1360	-2
1361	-19
1362	0
1363	0
1364	0
1365	0
1366	0
1367	-995,205
1368	0
1369	-1157,36
1370	0
1371	0
1372	-165
1373	0
1374	0
1375	0
1376	-2
1377	-72
1378	0
1379	577,8
1380	0
1381	0
1382	0
1383	0
1384	0
1385	-53,5
1386	0
1387	0
1388	-0,002
1389	-409,377
1390	0
1391	0
1392	-900,644
1393	0
1394	0
1395	0
1396	0,001
1397	0
1398	0
1399	0
1400	0
1401	-492,911
1402	0
1403	0
1404	0
1405	0
1406	-2327,725
1407	0
1408	-544,83
1409	-1,4
1410	0
1411	0
1412	-2,014
1413	-8099,758
1414	-91
1415	-67
1416	0
1417	-25
1418	-25
1419	0
1420	0
1421	0
1422	-3735,572
1423	-81
1424	-21
1425	-21
1426	0,393
1427	-6141,581
1428	-425,184
1429	0
1430	-823,333
1431	0
1432	0
1433	0
1434	0
1435	0
1436	0
1437	0
1438	0
1439	-1,43
1440	0
1441	-107
1442	0
1443	0
1444	580
1445	0
1446	0
1447	0
1448	-688,8
1449	0
1450	-1617,404
1451	0
1452	0
1453	-2
1454	0
1455	-0,855
1456	0
1457	-436826,65
1458	0
1459	0
1460	-10629,421
1461	0,416
1462	0
1463	-673,603
1464	0
1465	0
1466	0
1467	-2467
1468	0
1469	-1630,362
1470	-4686,604
1471	0
1472	0
1473	0
1474	-661,291
1475	-1017,177
1476	-1431,644
1477	-2543,483
1478	0
1479	0
1480	0
1481	940,077
1482	0
1483	0
1484	18941,376
1485	0
1486	-28,5
1487	-5
1488	0
1489	0
1490	-3228,726
1491	0
1492	0
1493	-222,852
1494	-8227,089
1495	-131,56
1496	8536,575
1497	0
1498	-605,296
1499	0
1500	1551,661
1501	0
1502	0
1503	0
1504	0
1505	-228,372
1506	0
1507	0
1508	0
1509	331,566
1510	-9839,2
1511	-76067,236
1512	0
1513	-5
1514	-512,712
1515	-8
1516	-21
1517	0
1518	0
1519	0
1520	0
1521	0
1522	0
1523	0
1524	0
1525	13941,102
1526	0
1527	0
1528	-2429,706
1529	0
1530	25651,506
1531	0
1532	124674,829
1533	0,793
1534	-1582,712
1535	0
1536	0
1537	0
1538	0
1539	0
1540	0
1541	0
1542	-1208,638
1543	0
1544	0
1545	-991,772
1546	0
1547	0
1548	-89312,649
1549	5887,169
1550	-1586,128
1551	3308,18
1552	-2231,5
1553	0
1554	-1119,521
1555	-0,072
1556	0
1557	-330,824
1558	0
1559	-2530,243
1560	0
1561	-1812,625
1562	0
1563	0
1564	-775,524
1565	-1033,791
1566	-5,243
1567	-1395,577
1568	0
1569	0
1570	0
1571	-1492,427
1572	0
1573	-0,103
1574	0
1575	-13349,986
1576	-1157,368
1577	0
1578	0
1579	0
1580	0
1581	0
1582	-25
1583	-25
1584	0
1585	0
1586	0
1587	-763,795
1588	0
1589	0
1590	0
1591	-0,003
1592	0
1593	-19887,228
1594	-15139,735
1595	0
1596	0
1597	0
1598	-0,755
1599	-776,95
1600	-0,214
1601	-0,057
1602	0,424
1603	0
1604	0
1605	0
1606	0
1607	0
1608	-0,841
1609	0
1610	-147,906
1611	-3091,768
1612	-222,924
1613	-3120,881
1614	0
1615	-0,11
1616	-4252,7
1617	1299,618
1618	0
1619	0
1620	0
1621	-444,518
1622	-0,07
1623	-299,521
1624	-2908,179
1625	-1931,268
1626	-4974,015
1627	-18,568
1628	0
1629	0
1630	0
1631	0
1632	0
1633	0
1634	0
1635	-2892,041
1636	0
1637	-27415,168
1638	-705,652
1639	0
1640	-35710,749
1641	4,947
1642	81,354
1643	1087,544
1644	1655,89
1645	-26154,533
1646	-0,259
1647	0
1648	-35196,553
1649	0
1650	0
1651	0
1652	0
1653	-34591,217
1654	-0,805
1655	0
1656	0
1657	0
1658	0
1659	3883,146
1660	0
1661	2,374
1662	-1184,402
1663	-2071,435
1664	-101
1665	0
1666	-719,754
1667	0
1668	1,078
1669	-12,5
1670	-410,405
1671	0
1672	0
1673	6142,542
1674	0
1675	0
1676	-18307,505
1677	-1723,791
1678	-65266,36
1679	0
1680	0
1681	-1360,2
1682	0
1683	-574,2
1684	0
1685	0
1686	0
1687	0
1688	-621,236
1689	-719,256
1690	0
1691	-4782,542
1692	0
1693	0
1694	-1086,5
1695	0
1696	-878,436
1697	-1302,412
1698	0
1699	0
1700	-25
1701	0
1702	0
1703	0
1704	-1799,524
1705	1462,125
1706	0
1707	0
1708	0,02
1709	0
1710	0
1711	-530,028
1712	-528,03
1713	0
1714	-28649,84
1715	0
1716	6719,795
1717	-1844,64
1718	-8009,328
1719	-1139,8
1720	-2707,249
1721	-536,664
1722	0
1723	0
1724	-1705,345
1725	6,426
1726	-951,91
1727	0
1728	0
1729	-157,408
1730	95,455
1731	-3
1732	0
1733	0
1734	0
1735	-2257,056
1736	0
1737	-964,064
1738	0
1739	0
1740	0
1741	-0,001
1742	-0,015
1743	0
1744	-239,465
1745	-768,05
1746	0
1747	0
1748	-2284,102
1749	-8272,321
1750	0
1751	0
1752	0
1753	0
1754	-144
1755	0
1756	0
1757	0
1758	-523,559
1759	0
1760	0
1761	-33
1762	-1172911,86
1763	-21
1764	-5847,186
1765	-1588,513
1766	-735
1767	-301,254
1768	-5508,817
1769	0
1770	0
1771	0
1772	0
1773	-395
1774	0
1775	0
1776	0
1777	-43,5
1778	0
1779	-0,685
1780	0
1781	-121
1782	-25
1783	0
1784	0
1785	0
1786	0
1787	0
1788	0
1789	-4
1790	0
1791	0
1792	0
1793	0,64
1794	-3502,671
1795	0
1796	0
1797	0
1798	0
1799	0
1800	0
1801	0
1802	-320,694
1803	-2025,656
1804	0
1805	0
1806	0
1807	0
1808	0
1809	0
1810	0
1811	-2219,792
1812	-234,398
1813	-3000
1814	0
1815	-657,964
1816	0
1817	0
1818	-16335,36
1819	0
1820	0
1821	-804,458
1822	0
1823	0
1824	0
1825	0
1826	-3,551
1827	0
1828	0
1829	-29702,48
1830	0
1831	0
1832	-320,358
1833	0
1834	0
1835	0
1836	0
1837	0
1838	0
1839	0
1840	-440,68
1841	25
1842	0
1843	0
1844	0
1845	-34907,405
1846	1000,756
1847	0
1848	-1931,427
1849	0
1850	0
1851	-655,432
1852	0
1853	0
1854	-125,15
1855	-2341,213
1856	0
1857	0
1858	16,2
1859	0
1860	0
1861	0
1862	-121
1863	-99973,893
1864	-14239,2
1865	0
1866	-1031,626
1867	-383,78
1868	0
1869	0
1870	0
1871	0
1872	0
1873	0
1874	0
1875	0
1876	-1183,38
1877	0
1878	0
1879	0
1880	0
1881	0
1882	-2159,515
1883	-17851,543
1884	0
1885	0
1886	0
1887	0
1888	-27718,396
1889	-179,78
1890	-548,262
1891	-603,464
1892	0
1893	0
1894	-189,282
1895	-927,144
1896	0
1897	0
1898	-121
1899	0
1900	0
1901	-439,558
1902	0
1903	0
1904	0
1905	0
1906	-2241,304
1907	-39233,496
1908	-3,18
1909	0
1910	-1787
1911	-1037,717
1912	-7606
1913	0
1914	0
1915	-1575
1916	-4935
1917	-9930
1918	-495
1919	-375
1920	-375
1921	-375
1922	-495
1923	-375
1924	-89942,211
1925	0
1926	0
1927	-2483,43
1928	-1384,993
1929	0
1930	0
1931	0
1932	0
1933	0
1934	0
1935	-25
1936	550
1937	0
1938	0
1939	0
1940	0
1941	0
1942	0
1943	0
1944	20806,796
1945	-10,875
1946	0
1947	-6538,986
1948	1,315
1949	-1409,075
1950	0
1951	-8987,337
1952	0
1953	-402,387
1954	0
1955	-1941,801
1956	0
1957	0
1958	0
1959	0
1960	0
1961	0
1962	0
1963	27983,904
1964	-3375,736
1965	-4901,64
1966	0
1967	-846,475
1968	-1432,204
1969	-967,864
1970	0
1971	-185,997
1972	-467,8
1973	0
1974	0
1975	-10043,5
1976	0
1977	0
1978	-15835,937
1979	-887,195
1980	-62,007
1981	-7147,752
1982	-3,8
1983	0
1984	0
1985	0
1986	0
1987	-1502348,646
1988	0
1989	-1081,372
1990	0
1991	-5003
1992	-5003
1993	0
1994	-6502,4
1995	0
1996	0
1997	-1284,8
1998	-2,79
1999	-4,732
2000	0
2001	-1196,327
2002	2424,519
2003	0
2004	-3638,228
2005	-543,734
2006	0
2007	-35
2008	0
2009	0
2010	0
2011	-1307,14
2012	-2402,748
2013	-1,75
2014	-1,63
2015	-894,978
2016	-59,484
2017	-2467
2018	0
2019	0
2020	0
2021	-237
2022	-243
2023	0
2024	-228
2025	-129
2026	-129
2027	-19,5
2028	0
2029	0
2030	0
2031	-1696,8
2032	0
2033	0
2034	0
2035	0
2036	0
2037	0
2038	0
2039	-122,692
2040	-894,4
2041	0
2042	0
2043	0
2044	-356,28
2045	0
2046	-498,8
2047	-753,364
2048	0
2049	0
2050	-103
2051	0
2052	0
2053	401,595
2054	0
2055	0
2056	0
2057	-277,34
2058	0
2059	-2038,48
2060	0
2061	-573,958
2062	-287,539
2063	-5730,571
2064	0,928
2065	0
2066	-5198,938
2067	-931,876
2068	-3421,251
2069	0
2070	0
2071	0
2072	0
2073	-1415,625
2074	0
2075	0
2076	0
2077	-414,592
2078	0
2079	0
2080	0
2081	-1890,6
2082	-2994,21
2083	-1622,46
2084	-0,107
2085	-1459
2086	669
2087	11981,577
2088	-126,2
2089	-5405,799
2090	0
2091	0
2092	-4467,632
2093	0
2094	-434,171
2095	-600,01
2096	0
2097	0
2098	0
2099	-613,221
2100	-23766,921
2101	-1491,304
2102	0
2103	0
2104	0
2105	7607,687
2106	0
2107	-854,167
2108	42701,213
2109	-482,992
2110	0
2111	0
2112	-1008,562
2113	-614,833
2114	0
2115	-4837,104
2116	-181,34
2117	-11895
2118	0
2119	-2467
2120	0
2121	-599,13
2122	-34,5
2123	0
2124	-104,5
2125	0
2126	0
2127	0
2128	0
2129	-7050,365
2130	0
2131	30528,339
2132	0
2133	0
2134	-1941
2135	0
2136	-2,305
2137	0
2138	484,576
2139	0
2140	-450,36
2141	-3473,746
2142	-8575,061
2143	0
2144	-1678,908
2145	0
2146	0
2147	0
2148	0
2149	874,047
2150	2,788
2151	-2315,536
2152	0
2153	-1853,488
2154	0
2155	0
2156	0
2157	-19179,156
2158	-18413,509
2159	-23
2160	0
2161	0
2162	0
2163	0
2164	-733,292
2165	0
2166	-612,816
2167	-885,175
2168	0
2169	0
2170	-1219,436
2171	0
2172	0
2173	-227,391
2174	0
2175	0
2176	-163,774
2177	0
2178	0
2179	-822,092
2180	0
2181	0
2182	-16844,08
2183	0
2184	-834,657
2185	-2665,384
2186	0
2187	-453,429
2188	-1070,205
2189	0
2190	-1851,034
2191	0
2192	-103
2193	-3939,196
2194	0
2195	-916,2
2196	0
2197	-153
2198	-181,78
2199	-1104,341
2200	0
2201	0
2202	0
2203	0
2204	0
2205	0
2206	2,24
2207	0
2208	0
3316	0
3317	11,237
3318	0
3319	0
3320	0
3321	0
3322	0
3323	0
3324	0
3325	0
3326	0
3327	0
3328	0
3329	0
3330	0
3331	-115
3332	0
3333	0
3334	0
3335	0
3336	0
3337	0
3338	0
3339	0
3340	0
3341	-335,939
3342	0
3343	0
3344	0
3345	0
3346	0
3347	0
3348	0
3349	-2960,678
3350	0
3351	0
3352	0
3353	0
3354	0
3355	-3311,65
3356	0
3357	0
3358	0
3359	-26668,208
3360	-1474,534
3361	0
3362	-547,096
3363	-16,8
3364	0
3365	0
3366	0
3367	0
3368	0
3369	-2878,504
3370	0
3371	0
3372	0
3373	-14357,27
3374	-19989
3375	0
3376	0
3377	-4745,589
3378	0
3379	0
3380	-1215,654
3381	0
3382	-0,529
3383	-491,762
3384	-4506,048
3385	0
3386	0
3387	0
3388	-1716,6
3389	0
3390	-2752,494
3391	0
3392	0
3393	0
3394	0
3395	-421,108
3396	0
3397	0
3399	-149,16
3400	0
3401	-3593,232
3402	-0,067
3403	-99,772
3404	0
3405	0
3406	0
3407	-2467
3408	0
3409	-5034,795
3410	0
3411	0
3412	0
3413	-363,967
3414	-1000
3415	-4482,071
3416	-14770,304
3417	0
3418	0
3419	0
3420	-882,149
3421	0
3422	0
3423	-1388,681
3424	0
3425	-31
3426	0
3427	0
3428	-0,052
3429	0
3430	0
3431	0
3432	0
3433	0
3434	72,5
3435	72,5
3436	-1838,193
3437	0
3438	0
3439	3,501
3440	0
3441	-325,256
3442	0
3443	-88189,15
3444	-446,64
3445	0
3446	0
3447	0
3448	0
3449	0
3450	0
3451	0
3452	0
3453	0
3454	-1194,099
3455	12,685
3457	-455,08
3458	0
3459	-3757,548
3460	0
3461	0
3462	0
3463	0
3464	-69052,751
3465	-4272,024
3466	-4,083
3467	10182,232
3468	0
3469	0
3470	0
3471	0
3472	0
3473	0
3474	0
3475	-627,057
3476	-27
3477	0
3478	490,352
3479	0
3480	-0,213
3481	0
3482	-5303,131
3483	-0,001
3484	0
3485	0
3486	0
3487	-2397,615
3488	0
3489	-5038,944
3490	-469,599
3491	-1757,889
3492	-26,706
3493	-3679,191
3494	-5195,478
3495	0
3496	834,854
3497	0
3498	0
3500	0
3501	0
3502	0
3503	-499,258
3504	0
3505	0
3506	0
3507	-16197,146
3508	-39
3509	0
3510	-789,204
3511	0
3512	0
3513	0
3514	-1010,061
3515	-1144,216
3516	0
3517	0
3518	-535,611
3519	-22184
3520	0
3521	-378,724
3522	0
3523	0
3524	0
3525	0
3526	0
3527	-490,686
3528	-1447,19
3529	4640,434
3530	-3377,824
3531	17461,124
3532	-25,8
3533	0
3534	0
3535	0
3536	0
3537	0
3538	-379,926
3539	0
3540	-3734,409
3541	0
3542	0
3543	0
3544	0
3545	0
3546	53
3547	0
3548	0
3549	0
3550	0
3551	-1487,376
3553	2,01
3554	0
3555	-1935
3556	0
3557	0
3558	540,616
3559	690,766
3560	0
3561	0
3562	11671,854
3563	0
3564	-30
3565	0
3566	0
3567	-0,679
3568	0
3569	-26,6
3570	0
3571	0
3572	0
3573	0
3574	0
3575	0
3577	0
3578	0
3579	247,175
3580	0
3581	-3074,207
3582	0
3583	0
3584	0
3586	0
3587	0
3588	0
3589	-352,077
3590	0
3591	-0,101
3592	-2238,99
3593	-1804,496
3594	0
3595	0
3596	-1592,761
3597	-564,82
3598	0
3600	0
3601	0
3602	-926,976
3603	2420,783
3604	0
3605	0
3606	0
3608	0
3609	0
3610	0
3611	-3150,432
3612	0
3613	0
3614	-271,36
3615	-11786,66
3616	0
3617	0
3618	2420,783
3619	-1058,612
3620	0
3621	0
3622	0
3623	0
3624	0
3625	0
3626	-326,581
3627	-500
3628	0
3629	-1049,752
3630	0
3631	0
3632	-30017
3633	0
3634	56,223
3635	1424,583
3636	-2698,582
3637	-887,56
3638	0
3639	0
3640	0
3641	-27694,08
3642	0
3643	-3222,988
3644	-2431,983
3645	1203
3646	0
3647	297
3648	-488,857
3649	-336,2
3650	0
3651	-252,784
3652	0
3653	0
3654	0
3655	-100
3656	-508,066
3657	0
3658	0
3659	0
3660	0
3661	-2431,983
3662	-23245,005
3663	-650,711
3664	-3166,208
3665	-406627,378
3666	0
3667	-16319,847
3668	0
3669	-4369,548
3670	-2388,105
3671	0
3672	0
3673	-82245,439
3674	0
3675	0
3676	-103843,945
3677	0
3678	0
3679	-52118,542
3680	0
3681	-33600
3682	0
3683	0
3684	0
3685	0
3686	-2368,427
3687	-3154,655
3688	0
3689	0
3690	0
3691	-75961,75
3692	1,632
3693	0
3694	-1253,632
3695	0
3696	-345,92
3697	0
3698	0
3699	-356,096
3700	0
3701	-0,264
3702	0
3703	0
3704	-1032,784
3706	-2533,928
3707	0
3708	0
3709	-227288,042
3710	-1806
3711	0
3712	-135,713
3713	-4,28
3714	0
3715	0
3716	0
3717	0
3718	-706,706
3719	0
3720	0
3721	0
3722	0
3723	0
3724	0
3725	-38302,76
3726	0
3727	-1273,574
3728	-64958,47
3729	0
3730	0
3731	-8
3733	0
3734	-1459,378
3735	-749,116
3736	0
3737	0
3738	-477,256
3739	-304,133
3740	-5403,371
3741	0
3742	-2431,983
3743	0
3744	0
3745	0
3746	0
3747	0
3748	0
3749	0
3750	0
3751	0
3752	0
3753	0
3754	0
3755	0
3756	0
3757	0
3758	0
3759	-2335,6
3760	0
3761	0
3762	0
3763	0
3764	0
3765	0
3766	-3
3767	0
3768	-0,006
3769	-5290,197
3770	0
3771	0
3772	-1395,972
3773	0
3774	-450
3775	0
3776	0
3777	0
3778	0
3779	0
3780	0
3781	0
3782	0
3783	0
3784	0
3785	20
3786	0
3787	0
3788	-89,548
3789	0
3790	0
3791	-2819,8
3792	1102,724
3793	0
3794	0
3795	0
3796	0
3797	0
3798	0
3799	0
3800	0
3801	0
3803	-976,28
3804	0
3805	0
3806	0
3807	-1099,76
3808	-1192,508
3809	-2420,838
3810	0
3811	0
3812	0
3813	0
3814	-16819,8
3815	0
3816	-0,344
3817	-230,27
3818	0
3819	0
3820	0
3821	0
3822	0
3823	0
3824	0
3825	0
3826	-223,02
3827	0
3828	-257,142
3829	0
3830	0
3831	-155,787
3832	0
3833	0
3834	0
3835	0
3836	0
3837	0
3838	-375,684
3839	0
3840	-1177,2
3842	0
3843	0
3844	0
3845	-2,468
3846	-1119,363
3848	0
3849	0
3850	0
3851	0
3852	0
3853	0
3854	0
3855	0
3856	0
3857	-2085,045
3858	0
3859	-26039,78
3860	0
3861	0
3864	0
3865	-39537,994
3866	0
3867	0
3868	0
3869	0
3870	0
3871	0
3872	0
3873	-2
3874	0
3875	264,82
3876	0
3878	-249,402
3879	2,066
3881	0,077
3882	0
3883	0
3884	0
3885	0
3886	0
3887	0
3888	0
3889	0
3890	0
3891	-1258,761
3892	0
3893	1,167
3894	0
3897	0
3898	0
3899	0
3900	0
3901	0
3902	-481,412
3903	-0,464
3904	0
3905	0
3906	-2658,344
3907	-968,773
3908	0
3909	0
3910	0
3911	0
3912	0
3913	0
3914	-763,404
3915	-1464,351
3916	0
3917	0
3918	0
3919	0
3920	0
3921	0
3922	-839,895
3923	0
3924	0,503
3925	-3315,343
3926	0
3927	0
3928	0
3929	0
3930	0
3931	1,623
3932	0
3933	-1136,328
3934	0
3935	-330,36
3936	-2,654
3937	0
3938	0
3939	-358,625
3940	0
3941	0
3942	-903,388
3943	0
3944	-110904,742
3945	241,558
3946	0
3947	0
3949	-0,163
3950	0
3951	0
3952	0,48
3953	-1095,601
3954	0
3955	0
3956	0
3957	0
3958	0,721
3959	0
3960	0
3961	-58244,718
3962	0
3963	-157
3964	0
3965	0
3966	0
3967	0
3968	-881,967
3969	-45210,346
3970	-1352,804
3971	-2180
3972	0
3973	0
3974	0
3975	0
3976	0
3977	0
3978	-330,04
3979	0
3980	-2,324
3981	0
3982	0
3983	-4098,137
3984	0
3985	0
3986	0
3987	0
3988	0
3989	-509,216
3990	0
3991	0
3992	-426,254
3993	-26,163
3994	-10831,551
3995	0
3996	0
3997	0
3998	-27
3999	0
4000	0
4001	0
4002	0
4003	0
4004	0
4005	0
4006	0
4007	0
4008	0
4012	1255,606
4013	0
4014	0
4015	0
4016	0
4017	0
4018	-69,999
4019	-1712,232
4020	0
4021	0
4022	-171,281
4023	0
4024	0
4025	-1702,707
4026	0
4027	0
4028	-1840,807
4029	0
4030	0
4031	0
4032	0
4033	-1456,296
4034	0
4035	0
4036	0
4037	-1188,822
4038	0
4039	0
4040	-28988,8
4041	0
4042	0
4043	0
4044	0
4045	0
4046	0
4047	0
4048	0
4049	0
4050	0
4051	0
4052	0
4053	0
4054	0
4055	0
4056	0
4057	-1645,546
4058	0
4059	0
4060	0
4061	0
4062	0
4063	0
4064	0
4065	-915,362
4066	0
4067	-1310,029
4068	0
4069	-548,92
4070	-666,936
4071	0
4072	0
4073	-99386,525
4074	0
4075	10,08
4076	0
4077	-42644,526
4078	0
4079	0
4080	0
4081	-169819,33
4082	0
4083	0
4084	0
4085	-406,753
4086	0
4087	-138,999
4088	0
4089	0
4090	0
4091	0
4092	-3469,709
4093	0
4094	0
4095	0
4096	0
4097	0
4098	-1135,123
4099	0
4100	0
4101	0
4102	0
4103	0
4104	-21695,197
4105	-647,76
4106	0
4107	0
4108	0
4109	0
4110	0
4111	0
4112	0
4113	0
4114	0
4115	0
4116	0
4117	-1195,363
4118	0
4119	0
4120	0
4121	0
4122	0
4123	0
4124	0
4125	-120,304
4126	0
4127	0
4128	0
4129	0
4130	-57
4131	-27
4132	-1764,409
4133	-36875,838
4134	0
4135	0
4136	0
4137	0
4138	-2382,868
4139	-1384,524
4140	0
4141	0
4142	-303,319
4143	-2052,512
4144	0
4145	0
4146	0
4147	0
4719	-127
4720	-39
4721	0
4722	0
4723	0
4724	0
4725	0
4726	-78
4727	0
4728	0
4729	0
4730	0
4731	0
4732	-3636,499
4733	0
4734	0
4735	-400
4736	0
4737	0
4738	-221,4
4739	1
4740	0
4741	0
4742	-11917,56
4743	0
4744	0
4745	0
4746	0
4747	0
4748	-2530,058
4749	0
4750	0
4751	0
4752	0
4753	0
4754	-8252
4755	0
4756	0
4757	0
4758	0
4759	0
4760	0
4761	0
4762	0
4763	0
4764	0
4765	0
4766	0
4767	0
4768	-997,296
4769	0
4770	0
4771	0
4772	0
4773	0
4774	0
4775	-3,026
4776	0
4777	0
4778	0
4779	0
4780	0
4781	0
4782	0
4783	0
4784	-477,497
4785	700
4786	-38,704
4787	0
4788	0
4789	0
4790	-8768,753
4791	0
4792	0
4793	0
4794	0
4795	0
4796	0
4797	0
4798	0
4799	0
4800	0
4801	4,615
4802	0
4803	-585,4
4804	0
4805	0
4806	-824,55
4807	0
4808	-1896,316
4809	-2314,999
4810	0
4811	-2192,944
4812	0
4813	0
4814	0
4815	-418,284
4816	0
4817	0
4818	0
4819	-2945,896
4820	0
4821	0
4822	0
4823	0
4824	0
4825	0
4826	0
4827	0
4828	0
4829	0
4830	0
4831	0
4832	0
4833	-430,332
4834	0
4835	0
4836	0
4837	0
4838	0
4839	0
4840	0
4841	0
4842	0
4843	0
4844	0
4845	0
4846	0
4847	0
4848	0
4849	0
4850	0
4851	0
4852	0
4853	0
4854	0
4855	0
4856	0
4857	0
4858	0
4859	0
4860	0
4861	0
4862	0
4863	0
4864	0
4865	0
4866	-844,702
4867	0
4868	0
4869	0
4870	-353,53
4871	-2992,258
4872	-2110,83
4873	-1976,352
4874	-1015,058
4875	0
4876	-926,454
4877	-2223,786
4878	0
4879	-7229,056
4880	0
4881	-2424,178
4882	-579,894
4883	0
4884	0
4885	-193,96
4886	-47,232
4887	0
4888	-3519,8
4889	0
4890	0
4891	-1937,42
4892	0
4893	0
4894	0
4895	0
4896	0
4897	0
4898	0
4899	0
4900	0
4901	0
4902	0
4903	0
4904	0
4905	0
4906	0
4907	0
4908	0
4909	-22909,28
4910	0
4911	0
4912	0
4913	-382,089
4914	-312,1
4915	0
4916	0
4917	0
4918	0
4919	0
4920	0
4921	0
4922	0
4923	0
4924	0
4925	0
4926	0
4927	0
4928	0
4929	-943,737
4930	0
4931	-466,337
4932	0
4933	0
4934	0
4935	0
4936	0
4937	5,8
4938	0
4939	0
4940	0
4941	0
4942	0
4943	-3144,306
4944	0
4945	0
4946	0
4947	0
4948	0
4949	0
4950	0
4951	0
4952	0
4953	0
4954	0
4955	0
4956	-21194,4
4957	0
4958	-902,584
4959	0
4960	0
4961	0
4962	0
4963	0
4964	0
4965	0
4966	0
4967	0
4968	0
4969	0
4970	-27
4971	0
4972	0
4973	-1167,363
4974	0
4975	-569,74
4976	0
4977	-57
4978	-3857,928
4979	0
4980	0
4981	-677,824
4982	-127
4983	-9480
4987	-304,66
4993	-31,224
4996	0
5005	0
5012	-39511,603
5014	0
5015	-1964,984
5018	0
5021	0
5022	0
5025	0
5029	0
5042	1,32
5043	0
5045	0
5090	0
5097	0
5101	0
5103	0
5109	-708,6
5115	0
5116	0
5117	-5806,06
5118	-382,455
5119	0
5121	0
4148	0
4149	0
4150	0
4151	-757,31
4152	0
4153	0
4154	0
4155	0
4156	-3985,001
4157	0
4158	0
4159	0
4160	-3105,231
4161	-289,028
4162	0
4163	-400,899
4164	-6647,04
4165	-1398,611
4166	0
4167	0
4168	-3
4169	0
4170	0
4172	0
4173	-503,315
4174	0
4175	-5260,08
4176	0
4177	0
4178	0
4179	0
4180	-715,003
4181	-1,216
4182	-366,52
4183	-1316,72
4184	-291,26
4185	-524,626
4187	-1135,113
4188	-40,384
4189	-527,045
4190	0
4191	0
4192	0
4193	0
4194	-1712,232
4195	0
4196	-9199
4197	-2258,248
4198	0
4199	-2606,771
4200	0
4201	0
4202	0
4203	0
4204	-635,326
4205	0
4206	0
4207	0
4208	-1083,489
4209	-15000
4210	-3455,256
4211	0
4212	0
4213	-0,432
4214	0
4215	0
4216	-1084,846
4217	0
4219	-64,6
4220	0
4221	0
4222	0
4223	-714,284
4224	0
4225	0
4226	-9,617
4227	0
4228	-3083,404
5105	0
5106	0
5110	-29840
5111	0
5112	0
5083	-822,616
5084	-43
5085	0
5086	0
5087	0
5108	-320,413
5089	0
4300	-3131,139
3802	0
4986	0
4287	-1000
4988	-249,457
4990	-269,389
3585	-1463,371
4999	0
5002	-1758,671
5003	0
5004	0
5006	-246,847
5007	-86,881
5008	0
5009	0
5010	0
4706	0
4707	0
4708	0
4709	0
4710	0
4711	0,054
4712	0
4713	0
4714	0
4715	0
4716	0
4717	0
4718	0
4229	0
4230	0
4231	-685,09
4232	0
4233	-805,288
4234	0
4235	-378,634
4236	0
4237	0
4238	0
4239	0
4240	0
4241	-708,488
4242	-577,398
4243	0
4244	0
4245	0
4246	0,348
4247	0
4248	0
4249	0
4250	0
4251	0
4252	-1170,688
4253	0
4254	0
4255	-2743,413
4256	-358,958
4257	0
4258	0
4259	0
4260	0
4261	0
4262	0
4263	0
4264	0
4265	0
4266	0
4267	0
4268	0
4269	0
4270	0
4271	0
4272	0
4273	0
4274	0
4275	0
4276	-1246,217
4277	0
4278	-799,824
4279	0
4280	0
4281	0
4282	0
4283	-619,564
4284	0
4285	-216,864
4286	0
4288	0
4289	-597,204
4290	-285,12
4291	0
4292	0
4293	0
4294	0
4295	0
4296	0
4297	-545,83
4298	-2561,995
4299	-1802,235
4301	-261,96
4302	0
4303	0
4304	0
4305	0
4306	-2607,84
4307	0
4308	0
4309	0
4310	0
4311	0
4312	0
4313	0
4314	0
4315	0
4316	-1413,458
4317	0
4318	-29926,312
4319	-2402,124
4320	-54
4321	-434
4322	0,046
4323	20
4324	-10,06
4325	316,298
4326	0
4327	0
4328	0
4329	0
4330	0
4331	0
4332	-221,4
4333	0
4334	4,893
4335	0
4336	0
4337	-1,698
4338	-181,78
4339	-181,78
4340	0
4341	-70214,774
4342	-477,392
4343	-419,069
4344	0
4345	-14848,556
4346	0
4347	-1,792
4348	0
4349	-27
4350	-385,2
4351	0
4352	-0,647
4353	0
4354	0
4355	0
4356	0
4357	0
4358	0
4359	0
4360	-19,624
4361	0
4362	-869,094
4363	0
4364	0
4365	0
4366	0
4367	-482,6
4368	-1061,989
4369	0
4370	0
4371	0
4372	0
4373	0
4374	0
4375	0
4376	0
4377	0
4378	0
4379	-951,105
4380	0
4381	0
4382	0
4383	0
4384	0
4385	0
4386	0
4387	0
4388	-17834,936
4389	0
4390	0
4391	0
4392	0
4393	0
4394	-486,582
4395	0
4396	0
4397	-1363,702
4398	0
4399	0
4400	-157,636
4401	0
4402	-4491,481
4403	0
4404	0
4405	0
4406	-1450,298
4407	-2867,45
4408	0,524
4409	0
4410	0
4411	0
4412	-1026,3
4413	-1450,603
4414	0
4415	0
4416	0
4417	-610,928
4418	-2296,104
4419	0
4420	0
4421	0
4422	0
4423	0
4424	0
4425	-378,634
4426	0
4427	1448,115
4428	0
4429	0
4430	0
4431	0
4432	-249,4
4433	2,02
4434	0
4435	0
4436	0,755
4437	0
4438	0
4439	0
4440	-488,036
4441	0
4442	0
4443	0
4444	0
4445	0
4446	0
4447	-1380,6
4448	0
4449	-16069,542
4450	0
4451	0
4452	-934,851
4453	-1290,72
4454	-249,66
4455	-814,468
4456	0
4457	0
4458	0
4459	0
4460	0
4461	0
4462	-1027,067
4463	0
4464	0
4465	0
4466	0
4467	0,078
4468	-1353,444
4469	-519,898
4470	-5229,24
4471	-30
4472	0
4473	0
4474	0
4475	-3227,583
4476	-817,02
4477	-0,156
4478	0
4479	0
4480	0
4481	0
4482	0
4483	-1459,997
4484	-513,977
4485	-1793,502
4486	0
4487	0
4488	0
4489	-43
4490	0
4491	0
4492	0
4493	0
4494	0
4495	-274
4496	0
4497	-1170,632
4498	0
4499	0
4500	-2282,075
4501	-1576,118
4502	0
4503	0
4504	-1330,772
4505	0
4506	0
4507	0
4508	0
4509	-2668,643
4510	0
4511	-181,78
4512	0
4513	0
4514	0
4515	0
4516	0
4517	-307,284
4518	0
4519	0
4520	0
4521	0
4522	0
4523	0
4524	0
4525	0
4526	0
4527	0
4528	0
4529	-3
4530	0
4531	-802,713
4532	0
4533	0
4534	0
4535	0
4536	0
4537	-1123,208
4538	0
4539	-43
4540	0
4541	0
4542	0
4543	-1003,911
4544	-758,767
4545	0
4546	-1962,684
4547	0
4548	0
4549	0
4550	-600,84
4551	-4322,466
4552	33,867
4553	0
4554	0
4555	0,041
4556	0
4557	-403
4558	0
4559	-608
4560	0
4561	-40
4562	-66039,237
4563	0
4564	0
4565	0
4566	0
4567	-363,528
4568	0
4569	0
4570	0
4571	-0,868
4572	-532,398
4573	0
4574	-1924,895
4575	-270,494
4576	-4914,478
4577	0
4578	0
4579	0
4580	0
4581	0
4582	0
4583	-4459,573
4584	-327,291
4585	0
4586	0
4587	0
4588	0
4589	0
4590	0
4591	-438,462
4592	0
4593	0
4594	-169,612
4595	0
4596	0
4597	-300
4598	0
4599	0
4600	0
4601	-2483,52
4602	0
4603	-62576,884
4604	-585,936
4605	-1445,628
4606	-998,018
4607	0
4608	-1850,088
4609	0
4610	-467,072
4611	0
4612	-1023,42
4613	0
4614	-703,026
4615	0
4616	0
4617	-869327,765
4618	0
4619	0
4620	0
4621	-1544,35
4622	-393,421
4623	-5480,745
4624	0
4625	0
4626	0
4627	-846,808
4628	-3132,52
4629	0
4630	-1971,832
4631	-371,021
4632	-800,586
4633	-1428,272
4634	-966,223
4635	-1013,457
4636	-991,113
4637	0
4638	0
4639	-557,91
4640	-767,522
4641	0
4642	0
4643	0,3
4644	0
4645	-2502,134
4646	0
4647	-686,864
4648	0
4649	0
4650	0
4651	0
4652	0
4653	-3300,356
4654	0
4655	0
4656	0
4657	-167518,667
4658	0
4659	0
4660	0
4661	0
4662	0
4663	-15318,5
4664	-62310,294
4665	-1459,895
4666	-1134,198
4667	-2067,966
4668	0
4669	0
4670	0
4671	0
4672	0
4673	0
4674	0
4675	0
4676	-22947,63
4677	0
4678	0
4679	0
4680	-2848,52
4681	0
4682	0
4683	0
4684	0
4685	0
4686	0
4687	0
4688	0
4689	0
4690	0
4691	0
4692	0
4693	0
4694	0
4695	0
4696	0
4697	0
4698	0
4699	0
4700	0
4701	0
4702	0
4703	0
4704	0
4705	0
3862	1,068
3863	-419,741
3895	0
3896	0
3877	0,75
3552	0
3576	-3904,894
3847	-2150,861
3607	-1812,905
3398	0
3705	0
3456	-4693,195
3841	-8967,706
5037	0
5036	0
3599	-2956,486
4985	0
4992	0
4995	0
5040	0
5041	0
5044	0
5046	0
5047	0
5049	0
5051	0
5050	0
5058	-3590,034
5061	0
5072	0
5073	0
5076	-2800
5077	0
5091	0
5017	-4544,936
5080	-1855,294
5092	0
5093	0
5094	0
5070	-83,84
5030	-2086,083
5031	-3093,081
5033	-2676,148
4997	0
5034	-1572,173
5113	0
5122	0
5123	-506,185
5039	0
5052	-7185,388
5053	0
5059	0
5066	-9545,4
5067	0
5068	0
5069	0
5071	0
5074	-921,4
3880	0
3499	-1489,726
5075	0
5078	0
5023	-984,04
5026	-1507,146
5079	0
4989	-3074,374
4984	0
4994	0
4186	0
5088	-1004,787
5095	0
5096	0
4998	0
5098	0
5099	0
5100	0
3732	-1292,057
4171	-3949,496
5024	0
5027	0
5028	-576,552
5013	-114,549
5054	0
5055	-363,406
5056	0
5057	0
5019	0
5020	0
5032	-54
5035	0
5038	0
5048	-2072,909
5060	-628,876
4991	0
5063	0
4218	0
3948	0
5120	0
5064	-5324,372
5065	-606,848
5104	0
5107	-428,6
5062	0
5081	0
5082	-590,304
5114	0
5102	-788,755
