"NOM_UTILISATEUR"	"SELECTION"	"INSERTION"	"SPPRESSION"	"MODIFICATION"	"MODULE_GENERAL"	"NUM_MODULE"
"GHOFRANE"	"O"	"O"	"O"	"O"	"Gestion de sinistres"	13
"GHOFRANE"	"O"	"O"	"O"	"O"	"Gestion de sinistres"	14
"GHOFRANE"	"O"	"O"	"O"	"O"	"Gestion de services"	15
"GHOFRANE"	"O"	"O"	"O"	"O"	"Gestion de services"	16
"GHOFRANE"	"O"	"O"	"O"	"O"	"Gestion de services"	17
"GHOFRANE"	"O"	"O"	"O"	"O"	"Gestion de services"	18
"GHOFRANE"	"O"	"O"	"O"	"O"	"Gestion des experts"	19
"GHOFRANE"	"O"	"O"	"O"	"O"	"Gestion des experts"	20
"GHOFRANE"	"O"	"O"	"O"	"O"	"Paramètrage"	21
"GHOFRANE"	"N"	"O"	"O"	"O"	"Paramètrage"	22
"GHOFRANE"	"O"	"O"	"O"	"O"	"Paramètrage"	23
"GHOFRANE"	"O"	"O"	"O"	"O"	"Paramètrage"	24
"GHOFRANE"	"N"	"O"	"O"	"O"	"Paramètrage"	25
"GHOFRANE"	"O"	"O"	"O"	"O"	"Paramètrage"	26
"GHOFRANE"	"O"	"O"	"O"	"O"	"Paramètrage"	27
"GHOFRANE"	"O"	"O"	"O"	"O"	"Paramètrage"	28
"GHOFRANE"	"O"	"O"	"O"	"O"	"Gestion de primes"	29
"GHOFRANE"	"O"	"O"	"O"	"O"	"Paramètrage"	30
"GHOFRANE"	"O"	"O"	"O"	"O"	"Gestion des journaux compagnies"	31
"RIM"	"O"	"O"	"O"	"O"	"Connexion"	0
"RIM"	"O"	"O"	"O"	"O"	"Gestion de primes"	2
"RIM"	"O"	"O"	"O"	"O"	"Gestion de primes"	3
"RIM"	"O"	"O"	"O"	"O"	"Gestion de clients"	4
"RIM"	"O"	"O"	"O"	"O"	"Gestion de primes"	5
"RIM"	"O"	"O"	"O"	"O"	"Gestion de primes"	6
"RIM"	"O"	"O"	"O"	"O"	"Gestion de primes"	7
"RIM"	"O"	"O"	"O"	"O"	"Gestion de règlements"	8
"RIM"	"O"	"O"	"O"	"O"	"Gestion de règlements"	9
"RIM"	"O"	"O"	"O"	"O"	"Gestion de règlements"	10
"RIM"	"O"	"O"	"O"	"O"	"Gestion de sinistres"	11
"RIM"	"O"	"O"	"O"	"O"	"Gestion de sinistres"	12
"RIM"	"O"	"O"	"O"	"O"	"Gestion de sinistres"	13
"RIM"	"O"	"O"	"O"	"O"	"Gestion de sinistres"	14
"RIM"	"O"	"O"	"O"	"O"	"Gestion de services"	15
"RIM"	"O"	"O"	"O"	"O"	"Gestion de services"	16
"RIM"	"O"	"O"	"O"	"O"	"Gestion de services"	17
"RIM"	"O"	"O"	"O"	"O"	"Gestion de services"	18
"RIM"	"O"	"O"	"O"	"O"	"Gestion des experts"	19
"RIM"	"O"	"O"	"O"	"O"	"Gestion des experts"	20
"RIM"	"O"	"O"	"O"	"O"	"Paramètrage"	21
"RIM"	"O"	"O"	"O"	"O"	"Paramètrage"	22
"RIM"	"O"	"O"	"O"	"O"	"Paramètrage"	23
"RIM"	"O"	"O"	"O"	"O"	"Paramètrage"	24
"RIM"	"O"	"O"	"O"	"O"	"Paramètrage"	25
"RIM"	"O"	"O"	"O"	"O"	"Paramètrage"	26
"RIM"	"O"	"O"	"O"	"O"	"Paramètrage"	27
"RIM"	"O"	"O"	"O"	"O"	"Paramètrage"	28
"RIM"	"O"	"O"	"O"	"O"	"Gestion de primes"	29
"RIM"	"O"	"O"	"O"	"O"	"Paramètrage"	30
"RIM"	"O"	"O"	"O"	"O"	"Gestion des journaux compagnies"	31
"ABIR"	"O"	"O"	"O"	"O"	"Connexion"	0
"ABIR"	"O"	"O"	"O"	"O"	"Gestion de primes"	2
"ABIR"	"O"	"O"	"O"	"O"	"Gestion de primes"	3
"ABIR"	"O"	"O"	"O"	"O"	"Gestion de clients"	4
"ABIR"	"O"	"O"	"O"	"O"	"Gestion de primes"	5
"ABIR"	"O"	"O"	"O"	"O"	"Gestion de primes"	6
"ABIR"	"O"	"O"	"O"	"O"	"Gestion de primes"	7
"ABIR"	"O"	"O"	"O"	"O"	"Gestion de règlements"	8
"ABIR"	"O"	"O"	"O"	"O"	"Gestion de règlements"	9
"ABIR"	"O"	"O"	"O"	"O"	"Gestion de règlements"	10
"ABIR"	"O"	"O"	"O"	"O"	"Gestion de sinistres"	11
"ABIR"	"O"	"O"	"O"	"O"	"Gestion de sinistres"	12
"ABIR"	"O"	"O"	"O"	"O"	"Gestion de sinistres"	13
"ABIR"	"O"	"O"	"O"	"O"	"Gestion de sinistres"	14
"ABIR"	"O"	"O"	"O"	"O"	"Gestion de services"	15
"ABIR"	"O"	"O"	"O"	"O"	"Gestion de services"	16
"ABIR"	"O"	"O"	"O"	"O"	"Gestion de services"	17
"ABIR"	"O"	"O"	"O"	"O"	"Gestion de services"	18
"ABIR"	"O"	"O"	"O"	"O"	"Gestion des experts"	19
"ABIR"	"O"	"O"	"O"	"O"	"Gestion des experts"	20
"ABIR"	"O"	"O"	"O"	"O"	"Paramètrage"	21
"ABIR"	"O"	"O"	"O"	"O"	"Paramètrage"	22
"ABIR"	"O"	"O"	"O"	"O"	"Paramètrage"	23
"ABIR"	"O"	"O"	"O"	"O"	"Paramètrage"	24
"ABIR"	"O"	"O"	"O"	"O"	"Paramètrage"	25
"ABIR"	"O"	"O"	"O"	"O"	"Paramètrage"	26
"ABIR"	"O"	"O"	"O"	"O"	"Paramètrage"	27
"ABIR"	"O"	"O"	"O"	"O"	"Paramètrage"	28
"ABIR"	"O"	"O"	"O"	"O"	"Gestion de primes"	29
"ABIR"	"O"	"O"	"O"	"O"	"Paramètrage"	30
"ABIR"	"O"	"O"	"O"	"O"	"Gestion des journaux compagnies"	31
"administrateur"	"O"	"O"	"O"	"O"	"Connexion"	0
"administrateur"	"O"	"O"	"O"	"O"	"Gestion de primes"	2
"administrateur"	"O"	"O"	"O"	"O"	"Gestion de primes"	3
"administrateur"	"O"	"O"	"O"	"O"	"Gestion de clients"	4
"administrateur"	"O"	"O"	"O"	"O"	"Gestion de primes"	5
"administrateur"	"O"	"O"	"O"	"O"	"Gestion de primes"	6
"administrateur"	"O"	"O"	"O"	"O"	"Gestion de primes"	7
"administrateur"	"O"	"O"	"O"	"O"	"Gestion de règlements"	8
"administrateur"	"O"	"O"	"O"	"O"	"Gestion de règlements"	9
"administrateur"	"O"	"O"	"O"	"O"	"Gestion de règlements"	10
"administrateur"	"O"	"O"	"O"	"O"	"Gestion de sinistres"	11
"administrateur"	"O"	"O"	"O"	"O"	"Gestion de sinistres"	12
"administrateur"	"O"	"O"	"O"	"O"	"Gestion de sinistres"	13
"administrateur"	"O"	"O"	"O"	"O"	"Gestion de sinistres"	14
"administrateur"	"O"	"O"	"O"	"O"	"Gestion de services"	15
"administrateur"	"O"	"O"	"O"	"O"	"Gestion de services"	16
"administrateur"	"O"	"O"	"O"	"O"	"Gestion de services"	17
"administrateur"	"O"	"O"	"O"	"O"	"Gestion de services"	18
"administrateur"	"O"	"O"	"O"	"O"	"Gestion des experts"	19
"administrateur"	"O"	"O"	"O"	"O"	"Gestion des experts"	20
"administrateur"	"O"	"O"	"O"	"O"	"Paramètrage"	21
"administrateur"	"O"	"O"	"O"	"O"	"Paramètrage"	22
"administrateur"	"O"	"O"	"O"	"O"	"Paramètrage"	23
"administrateur"	"O"	"O"	"O"	"O"	"Paramètrage"	24
"administrateur"	"O"	"O"	"O"	"O"	"Paramètrage"	25
"administrateur"	"O"	"O"	"O"	"O"	"Paramètrage"	26
"administrateur"	"O"	"O"	"O"	"O"	"Paramètrage"	27
"administrateur"	"O"	"O"	"O"	"O"	"Paramètrage"	28
"administrateur"	"O"	"O"	"O"	"O"	"Gestion de primes"	29
"administrateur"	"O"	"O"	"O"	"O"	"Paramètrage"	30
"administrateur"	"O"	"O"	"O"	"O"	"Gestion des journaux compagnies"	31
"ZIED"	"O"	"O"	"O"	"O"	"Connexion"	0
"ZIED"	"O"	"O"	"O"	"O"	"Gestion de primes"	2
"ZIED"	"O"	"O"	"O"	"O"	"Gestion de primes"	3
"ZIED"	"O"	"O"	"O"	"O"	"Gestion de clients"	4
"ZIED"	"O"	"O"	"O"	"O"	"Gestion de primes"	5
"ZIED"	"O"	"O"	"O"	"O"	"Gestion de primes"	6
"ZIED"	"O"	"O"	"O"	"O"	"Gestion de primes"	7
"ZIED"	"O"	"O"	"O"	"O"	"Gestion de règlements"	8
"ZIED"	"O"	"O"	"O"	"O"	"Gestion de règlements"	9
"ZIED"	"O"	"O"	"O"	"O"	"Gestion de règlements"	10
"ZIED"	"O"	"O"	"O"	"O"	"Gestion de sinistres"	11
"ZIED"	"O"	"O"	"O"	"O"	"Gestion de sinistres"	12
"ZIED"	"O"	"O"	"O"	"O"	"Gestion de sinistres"	13
"ZIED"	"O"	"O"	"O"	"O"	"Gestion de sinistres"	14
"ZIED"	"O"	"O"	"O"	"O"	"Gestion de services"	15
"ZIED"	"O"	"O"	"O"	"O"	"Gestion de services"	16
"ZIED"	"O"	"O"	"O"	"O"	"Gestion de services"	17
"ZIED"	"O"	"O"	"O"	"O"	"Gestion de services"	18
"ZIED"	"O"	"O"	"O"	"O"	"Gestion des experts"	19
"ZIED"	"O"	"O"	"O"	"O"	"Gestion des experts"	20
"ZIED"	"O"	"O"	"O"	"O"	"Paramètrage"	21
"ZIED"	"O"	"O"	"O"	"O"	"Paramètrage"	22
"ZIED"	"O"	"O"	"O"	"O"	"Paramètrage"	23
"ZIED"	"O"	"O"	"O"	"O"	"Paramètrage"	24
"ZIED"	"O"	"O"	"O"	"O"	"Paramètrage"	25
"ZIED"	"O"	"O"	"O"	"O"	"Paramètrage"	26
"ZIED"	"O"	"O"	"O"	"O"	"Paramètrage"	27
"ZIED"	"O"	"O"	"O"	"O"	"Paramètrage"	28
"ZIED"	"O"	"O"	"O"	"O"	"Gestion de primes"	29
"ZIED"	"O"	"O"	"O"	"O"	"Paramètrage"	30
"ZIED"	"O"	"O"	"O"	"O"	"Gestion des journaux compagnies"	31
"KAMMOUN"	"O"	"O"	"O"	"O"	"Connexion"	0
"KAMMOUN"	"O"	"O"	"O"	"O"	"Gestion de primes"	2
"KAMMOUN"	"O"	"O"	"O"	"O"	"Gestion de primes"	3
"KAMMOUN"	"O"	"O"	"O"	"O"	"Gestion de clients"	4
"KAMMOUN"	"O"	"O"	"O"	"O"	"Gestion de primes"	5
"KAMMOUN"	"O"	"O"	"O"	"O"	"Gestion de primes"	6
"KAMMOUN"	"O"	"O"	"O"	"O"	"Gestion de primes"	7
"KAMMOUN"	"O"	"O"	"O"	"O"	"Gestion de règlements"	8
"KAMMOUN"	"O"	"O"	"O"	"O"	"Gestion de règlements"	9
"KAMMOUN"	"O"	"O"	"O"	"O"	"Gestion de règlements"	10
"KAMMOUN"	"O"	"O"	"O"	"O"	"Gestion de sinistres"	11
"KAMMOUN"	"O"	"O"	"O"	"O"	"Gestion de sinistres"	12
"KAMMOUN"	"O"	"O"	"O"	"O"	"Gestion de sinistres"	13
"KAMMOUN"	"O"	"O"	"O"	"O"	"Gestion de sinistres"	14
"KAMMOUN"	"O"	"O"	"O"	"O"	"Gestion de services"	15
"KAMMOUN"	"O"	"O"	"O"	"O"	"Gestion de services"	16
"KAMMOUN"	"O"	"O"	"O"	"O"	"Gestion de services"	17
"KAMMOUN"	"O"	"O"	"O"	"O"	"Gestion de services"	18
"KAMMOUN"	"O"	"O"	"O"	"O"	"Gestion des experts"	19
"KAMMOUN"	"O"	"O"	"O"	"O"	"Gestion des experts"	20
"KAMMOUN"	"O"	"O"	"O"	"O"	"Paramètrage"	21
"KAMMOUN"	"O"	"O"	"O"	"O"	"Paramètrage"	22
"KAMMOUN"	"O"	"O"	"O"	"O"	"Paramètrage"	23
"KAMMOUN"	"O"	"O"	"O"	"O"	"Paramètrage"	24
"KAMMOUN"	"O"	"O"	"O"	"O"	"Paramètrage"	25
"KAMMOUN"	"O"	"O"	"O"	"O"	"Paramètrage"	26
"KAMMOUN"	"O"	"O"	"O"	"O"	"Paramètrage"	27
"KAMMOUN"	"O"	"O"	"O"	"O"	"Paramètrage"	28
"KAMMOUN"	"O"	"O"	"O"	"O"	"Gestion de primes"	29
"KAMMOUN"	"O"	"O"	"O"	"O"	"Paramètrage"	30
"KAMMOUN"	"O"	"O"	"O"	"O"	"Gestion des journaux compagnies"	31
"HANEN"	"O"	"O"	"O"	"O"	"Connexion"	0
"HANEN"	"O"	"O"	"O"	"O"	"Gestion de primes"	2
"HANEN"	"O"	"O"	"O"	"O"	"Gestion de primes"	3
"HANEN"	"O"	"O"	"O"	"O"	"Gestion de clients"	4
"HANEN"	"O"	"O"	"O"	"O"	"Gestion de primes"	5
"HANEN"	"O"	"O"	"O"	"O"	"Gestion de primes"	6
"HANEN"	"O"	"O"	"O"	"O"	"Gestion de primes"	7
"HANEN"	"O"	"O"	"O"	"O"	"Gestion de règlements"	8
"HANEN"	"O"	"O"	"O"	"O"	"Gestion de règlements"	9
"HANEN"	"O"	"O"	"O"	"O"	"Gestion de règlements"	10
"HANEN"	"O"	"O"	"O"	"O"	"Gestion de sinistres"	11
"HANEN"	"O"	"O"	"O"	"O"	"Gestion de sinistres"	12
"HANEN"	"O"	"O"	"O"	"O"	"Gestion de sinistres"	13
"HANEN"	"O"	"O"	"O"	"O"	"Gestion de sinistres"	14
"HANEN"	"O"	"O"	"O"	"O"	"Gestion de services"	15
"HANEN"	"O"	"O"	"O"	"O"	"Gestion de services"	16
"HANEN"	"O"	"O"	"O"	"O"	"Gestion de services"	17
"HANEN"	"O"	"O"	"O"	"O"	"Gestion de services"	18
"HANEN"	"O"	"O"	"O"	"O"	"Gestion des experts"	19
"HANEN"	"O"	"O"	"O"	"O"	"Gestion des experts"	20
"HANEN"	"O"	"O"	"O"	"O"	"Paramètrage"	21
"HANEN"	"O"	"O"	"O"	"O"	"Paramètrage"	22
"HANEN"	"O"	"O"	"O"	"O"	"Paramètrage"	23
"HANEN"	"O"	"O"	"O"	"O"	"Paramètrage"	24
"HANEN"	"O"	"O"	"O"	"O"	"Paramètrage"	25
"HANEN"	"O"	"O"	"O"	"O"	"Paramètrage"	26
"HANEN"	"O"	"O"	"O"	"O"	"Paramètrage"	27
"HANEN"	"O"	"O"	"O"	"O"	"Paramètrage"	28
"HANEN"	"O"	"O"	"O"	"O"	"Gestion de primes"	29
"HANEN"	"O"	"O"	"O"	"O"	"Paramètrage"	30
"HANEN"	"O"	"O"	"O"	"O"	"Gestion des journaux compagnies"	31
"LEILA"	"O"	"O"	"O"	"O"	"Connexion"	0
"LEILA"	"O"	"O"	"O"	"O"	"Gestion de primes"	2
"LEILA"	"O"	"O"	"O"	"O"	"Gestion de primes"	3
"LEILA"	"O"	"O"	"O"	"O"	"Gestion de clients"	4
"LEILA"	"O"	"O"	"O"	"O"	"Gestion de primes"	5
"LEILA"	"O"	"O"	"O"	"O"	"Gestion de primes"	6
"LEILA"	"O"	"O"	"O"	"O"	"Gestion de primes"	7
"LEILA"	"O"	"O"	"O"	"O"	"Gestion de règlements"	8
"LEILA"	"O"	"O"	"O"	"O"	"Gestion de règlements"	9
"LEILA"	"O"	"O"	"O"	"O"	"Gestion de règlements"	10
"LEILA"	"O"	"O"	"O"	"O"	"Gestion de sinistres"	11
"LEILA"	"O"	"O"	"O"	"O"	"Gestion de sinistres"	12
"LEILA"	"O"	"O"	"O"	"O"	"Gestion de sinistres"	13
"LEILA"	"O"	"O"	"O"	"O"	"Gestion de sinistres"	14
"LEILA"	"O"	"O"	"O"	"O"	"Gestion de services"	15
"LEILA"	"O"	"O"	"O"	"O"	"Gestion de services"	16
"LEILA"	"O"	"O"	"O"	"O"	"Gestion de services"	17
"LEILA"	"O"	"O"	"O"	"O"	"Gestion de services"	18
"LEILA"	"O"	"O"	"O"	"O"	"Gestion des experts"	19
"LEILA"	"O"	"O"	"O"	"O"	"Gestion des experts"	20
"LEILA"	"O"	"O"	"O"	"O"	"Paramètrage"	21
"LEILA"	"O"	"O"	"O"	"O"	"Paramètrage"	22
"LEILA"	"O"	"O"	"O"	"O"	"Paramètrage"	23
"LEILA"	"O"	"O"	"O"	"O"	"Paramètrage"	24
"LEILA"	"O"	"O"	"O"	"O"	"Paramètrage"	25
"LEILA"	"O"	"O"	"O"	"O"	"Paramètrage"	26
"LEILA"	"O"	"O"	"O"	"O"	"Paramètrage"	27
"LEILA"	"O"	"O"	"O"	"O"	"Paramètrage"	28
"LEILA"	"O"	"O"	"O"	"O"	"Gestion de primes"	29
"LEILA"	"O"	"O"	"O"	"O"	"Paramètrage"	30
"LEILA"	"O"	"O"	"O"	"O"	"Gestion des journaux compagnies"	31
"RIDHA"	"O"	"O"	"O"	"O"	"Connexion"	0
"RIDHA"	"O"	"O"	"O"	"O"	"Gestion de primes"	2
"RIDHA"	"O"	"O"	"O"	"O"	"Gestion de primes"	3
"RIDHA"	"O"	"O"	"O"	"O"	"Gestion de clients"	4
"RIDHA"	"O"	"O"	"O"	"O"	"Gestion de primes"	5
"RIDHA"	"O"	"O"	"O"	"O"	"Gestion de primes"	6
"RIDHA"	"O"	"O"	"O"	"O"	"Gestion de primes"	7
"RIDHA"	"O"	"O"	"O"	"O"	"Gestion de règlements"	8
"RIDHA"	"O"	"O"	"O"	"O"	"Gestion de règlements"	9
"RIDHA"	"O"	"O"	"O"	"O"	"Gestion de règlements"	10
"RIDHA"	"O"	"O"	"O"	"O"	"Gestion de sinistres"	11
"RIDHA"	"O"	"O"	"O"	"O"	"Gestion de sinistres"	12
"RIDHA"	"O"	"O"	"O"	"O"	"Gestion de sinistres"	13
"RIDHA"	"O"	"O"	"O"	"O"	"Gestion de sinistres"	14
"RIDHA"	"O"	"O"	"O"	"O"	"Gestion de services"	15
"RIDHA"	"O"	"O"	"O"	"O"	"Gestion de services"	16
"RIDHA"	"O"	"O"	"O"	"O"	"Gestion de services"	17
"RIDHA"	"O"	"O"	"O"	"O"	"Gestion de services"	18
"RIDHA"	"O"	"O"	"O"	"O"	"Gestion des experts"	19
"RIDHA"	"O"	"O"	"O"	"O"	"Gestion des experts"	20
"RIDHA"	"O"	"O"	"O"	"O"	"Paramètrage"	21
"RIDHA"	"O"	"O"	"O"	"O"	"Paramètrage"	22
"RIDHA"	"O"	"O"	"O"	"O"	"Paramètrage"	23
"RIDHA"	"O"	"O"	"O"	"O"	"Paramètrage"	24
"RIDHA"	"O"	"O"	"O"	"O"	"Paramètrage"	25
"RIDHA"	"O"	"O"	"O"	"O"	"Paramètrage"	26
"RIDHA"	"O"	"O"	"O"	"O"	"Paramètrage"	27
"RIDHA"	"O"	"O"	"O"	"O"	"Paramètrage"	28
"RIDHA"	"O"	"O"	"O"	"O"	"Gestion de primes"	29
"RIDHA"	"O"	"O"	"O"	"O"	"Paramètrage"	30
"RIDHA"	"O"	"O"	"O"	"O"	"Gestion des journaux compagnies"	31
"MOHAMEDALI"	"O"	"O"	"O"	"O"	"Connexion"	0
"MOHAMEDALI"	"O"	"O"	"O"	"O"	"Gestion de primes"	2
"MOHAMEDALI"	"O"	"O"	"O"	"O"	"Gestion de primes"	3
"MOHAMEDALI"	"O"	"O"	"O"	"O"	"Gestion de clients"	4
"MOHAMEDALI"	"O"	"O"	"O"	"O"	"Gestion de primes"	5
"MOHAMEDALI"	"O"	"O"	"O"	"O"	"Gestion de primes"	6
"MOHAMEDALI"	"O"	"O"	"O"	"O"	"Gestion de primes"	7
"MOHAMEDALI"	"O"	"O"	"O"	"O"	"Gestion de règlements"	8
"MOHAMEDALI"	"O"	"O"	"O"	"O"	"Gestion de règlements"	9
"MOHAMEDALI"	"O"	"O"	"O"	"O"	"Gestion de règlements"	10
"MOHAMEDALI"	"O"	"O"	"O"	"O"	"Gestion de sinistres"	11
"MOHAMEDALI"	"O"	"O"	"O"	"O"	"Gestion de sinistres"	12
"MOHAMEDALI"	"O"	"O"	"O"	"O"	"Gestion de sinistres"	13
"MOHAMEDALI"	"O"	"O"	"O"	"O"	"Gestion de sinistres"	14
"MOHAMEDALI"	"O"	"O"	"O"	"O"	"Gestion de services"	15
"MOHAMEDALI"	"O"	"O"	"O"	"O"	"Gestion de services"	16
"MOHAMEDALI"	"O"	"O"	"O"	"O"	"Gestion de services"	17
"MOHAMEDALI"	"O"	"O"	"O"	"O"	"Gestion de services"	18
"MOHAMEDALI"	"O"	"O"	"O"	"O"	"Gestion des experts"	19
"MOHAMEDALI"	"O"	"O"	"O"	"O"	"Gestion des experts"	20
"MOHAMEDALI"	"O"	"O"	"O"	"O"	"Paramètrage"	21
"MOHAMEDALI"	"O"	"O"	"O"	"O"	"Paramètrage"	22
"MOHAMEDALI"	"O"	"O"	"O"	"O"	"Paramètrage"	23
"MOHAMEDALI"	"O"	"O"	"O"	"O"	"Paramètrage"	24
"MOHAMEDALI"	"O"	"O"	"O"	"O"	"Paramètrage"	25
"MOHAMEDALI"	"O"	"O"	"O"	"O"	"Paramètrage"	26
"MOHAMEDALI"	"O"	"O"	"O"	"O"	"Paramètrage"	27
"MOHAMEDALI"	"O"	"O"	"O"	"O"	"Paramètrage"	28
"MOHAMEDALI"	"O"	"O"	"O"	"O"	"Gestion de primes"	29
"MOHAMEDALI"	"O"	"O"	"O"	"O"	"Paramètrage"	30
"MOHAMEDALI"	"O"	"O"	"O"	"O"	"Gestion des journaux compagnies"	31
"ASMA"	"O"	"O"	"O"	"O"	"Connexion"	0
"ASMA"	"O"	"O"	"O"	"O"	"Gestion de primes"	2
"ASMA"	"O"	"O"	"O"	"O"	"Gestion de primes"	3
"ASMA"	"O"	"O"	"O"	"O"	"Gestion de clients"	4
"ASMA"	"O"	"O"	"O"	"O"	"Gestion de primes"	5
"ASMA"	"O"	"O"	"O"	"O"	"Gestion de primes"	6
"ASMA"	"O"	"O"	"O"	"O"	"Gestion de primes"	7
"ASMA"	"O"	"O"	"O"	"O"	"Gestion de règlements"	8
"ASMA"	"O"	"O"	"O"	"O"	"Gestion de règlements"	9
"ASMA"	"O"	"O"	"O"	"O"	"Gestion de règlements"	10
"ASMA"	"O"	"O"	"O"	"O"	"Gestion de sinistres"	11
"ASMA"	"O"	"O"	"O"	"O"	"Gestion de sinistres"	12
"ASMA"	"O"	"O"	"O"	"O"	"Gestion de sinistres"	13
"ASMA"	"O"	"O"	"O"	"O"	"Gestion de sinistres"	14
"ASMA"	"O"	"O"	"O"	"O"	"Gestion de services"	15
"ASMA"	"O"	"O"	"O"	"O"	"Gestion de services"	16
"ASMA"	"O"	"O"	"O"	"O"	"Gestion de services"	17
"ASMA"	"O"	"O"	"O"	"O"	"Gestion de services"	18
"ASMA"	"O"	"O"	"O"	"O"	"Gestion des experts"	19
"ASMA"	"O"	"O"	"O"	"O"	"Gestion des experts"	20
"ASMA"	"O"	"O"	"O"	"O"	"Paramètrage"	21
"ASMA"	"O"	"O"	"O"	"O"	"Paramètrage"	22
"ASMA"	"O"	"O"	"O"	"O"	"Paramètrage"	23
"ASMA"	"O"	"O"	"O"	"O"	"Paramètrage"	24
"ASMA"	"O"	"O"	"O"	"O"	"Paramètrage"	25
"ASMA"	"O"	"O"	"O"	"O"	"Paramètrage"	26
"ASMA"	"O"	"O"	"O"	"O"	"Paramètrage"	27
"ASMA"	"O"	"O"	"O"	"O"	"Paramètrage"	28
"ASMA"	"O"	"O"	"O"	"O"	"Gestion de primes"	29
"ASMA"	"O"	"O"	"O"	"O"	"Paramètrage"	30
"ASMA"	"O"	"O"	"O"	"O"	"Gestion des journaux compagnies"	31
"WIEM"	"O"	"O"	"O"	"O"	"Connexion"	0
"WIEM"	"O"	"O"	"O"	"O"	"Gestion de primes"	2
"WIEM"	"O"	"O"	"O"	"O"	"Gestion de primes"	3
"WIEM"	"O"	"O"	"O"	"O"	"Gestion de clients"	4
"WIEM"	"O"	"O"	"O"	"O"	"Gestion de primes"	5
"WIEM"	"O"	"O"	"O"	"O"	"Gestion de primes"	6
"WIEM"	"O"	"O"	"O"	"O"	"Gestion de primes"	7
"WIEM"	"O"	"O"	"O"	"O"	"Gestion de règlements"	8
"WIEM"	"O"	"O"	"O"	"O"	"Gestion de règlements"	9
"WIEM"	"O"	"O"	"O"	"O"	"Gestion de règlements"	10
"WIEM"	"N"	"O"	"O"	"O"	"Gestion de sinistres"	11
"WIEM"	"N"	"O"	"O"	"O"	"Gestion de sinistres"	12
"WIEM"	"N"	"O"	"O"	"O"	"Gestion de sinistres"	13
"WIEM"	"N"	"O"	"O"	"O"	"Gestion de sinistres"	14
"WIEM"	"O"	"O"	"O"	"O"	"Gestion de services"	15
"WIEM"	"O"	"O"	"O"	"O"	"Gestion de services"	16
"WIEM"	"O"	"O"	"O"	"O"	"Gestion de services"	17
"WIEM"	"O"	"O"	"O"	"O"	"Gestion de services"	18
"WIEM"	"N"	"O"	"O"	"O"	"Gestion des experts"	19
"WIEM"	"N"	"O"	"O"	"O"	"Gestion des experts"	20
"WIEM"	"N"	"O"	"O"	"O"	"Paramètrage"	21
"WIEM"	"N"	"O"	"O"	"O"	"Paramètrage"	22
"WIEM"	"O"	"O"	"O"	"O"	"Paramètrage"	23
"WIEM"	"N"	"O"	"O"	"O"	"Paramètrage"	24
"WIEM"	"N"	"O"	"O"	"O"	"Paramètrage"	25
"WIEM"	"N"	"O"	"O"	"O"	"Paramètrage"	26
"WIEM"	"N"	"O"	"O"	"O"	"Paramètrage"	27
"WIEM"	"N"	"O"	"O"	"O"	"Paramètrage"	28
"WIEM"	"O"	"O"	"O"	"O"	"Gestion de primes"	29
"WIEM"	"O"	"O"	"O"	"O"	"Paramètrage"	30
"WIEM"	"O"	"O"	"O"	"O"	"Gestion des journaux compagnies"	31
"GHOFRANE"	"O"	"O"	"O"	"O"	"Connexion"	0
"GHOFRANE"	"O"	"O"	"O"	"O"	"Gestion de primes"	2
"GHOFRANE"	"O"	"O"	"O"	"O"	"Gestion de primes"	3
"GHOFRANE"	"O"	"O"	"O"	"O"	"Gestion de clients"	4
"GHOFRANE"	"O"	"O"	"O"	"O"	"Gestion de primes"	5
"GHOFRANE"	"O"	"O"	"O"	"O"	"Gestion de primes"	6
"GHOFRANE"	"O"	"O"	"O"	"O"	"Gestion de primes"	7
"GHOFRANE"	"O"	"O"	"O"	"O"	"Gestion de règlements"	8
"GHOFRANE"	"O"	"O"	"O"	"O"	"Gestion de règlements"	9
"GHOFRANE"	"O"	"O"	"O"	"O"	"Gestion de règlements"	10
"GHOFRANE"	"O"	"O"	"O"	"O"	"Gestion de sinistres"	11
"GHOFRANE"	"O"	"O"	"O"	"O"	"Gestion de sinistres"	12
